Date;Title;Price
29-04-2025 00:00:00;Външен диск SEAGATE BASIC STJL4000400;249.99
29-04-2025 00:00:00;Външен диск TOSHIBA CANVIO BASICS HDTB540EK3AA;229.99
29-04-2025 00:00:00;Външен диск WESTERN DIGITAL ELEMENTS WDBU6Y0040BBK-WESN;249.99
29-04-2025 00:00:00;Външен диск SEAGATE BASIC STJL4000400;249.99
29-04-2025 00:00:00;Външен диск TOSHIBA CANVIO BASICS HDTB540EK3AA;229.99
29-04-2025 00:00:00;Външен диск WESTERN DIGITAL ELEMENTS WDBU6Y0040BBK-WESN;249.99
29-04-2025 17:20:23;Външен диск SEAGATE BASIC STJL4000400;249.99
29-04-2025 17:20:23;Външен диск TOSHIBA CANVIO BASICS HDTB540EK3AA;229.99
29-04-2025 17:20:23;Външен диск WESTERN DIGITAL ELEMENTS WDBU6Y0040BBK-WESN;249.99
